"Status","Start Time","Stop Time","Duration in ms","Parent Suite","Suite","Sub Suite","Test Class","Test Method","Name","Description"
"passed","Thu Sep 11 22:08:48 GMT 2025","Thu Sep 11 22:08:48 GMT 2025","0","","PlantPhotosTestSuite","","","","TestAddSuccess","Test successful addition of photos to collection"
"passed","Thu Sep 11 22:08:48 GMT 2025","Thu Sep 11 22:08:48 GMT 2025","0","","AlbumServiceTestSuite","","","","TestAddPlantToAlbum","Test adding plants to album functionality"
"passed","Thu Sep 11 22:08:49 GMT 2025","Thu Sep 11 22:08:49 GMT 2025","2","PlantServiceCreateTestSuite","TestCreatePlant","","","","Invalid plant data during creation",""
"passed","Thu Sep 11 22:08:48 GMT 2025","Thu Sep 11 22:08:48 GMT 2025","1","AlbumServiceTestSuite","TestAddPlantToAlbum","","","","Plant already exists in album",""
"passed","Thu Sep 11 22:08:48 GMT 2025","Thu Sep 11 22:08:48 GMT 2025","0","","PostFiltersTestSuite","","","","TestPostAuthorFilter","Test post author filtering"
"passed","Thu Sep 11 22:09:43 GMT 2025","Thu Sep 11 22:09:44 GMT 2025","264","","AlbumRepositoryTestSuite","","","","TestGetAlbum","Test album retrieval functionality"
"passed","Thu Sep 11 22:08:48 GMT 2025","Thu Sep 11 22:08:48 GMT 2025","0","AuthValidationTestSuite","TestValidateEmail","","","","Email with numeric domain",""
"passed","Thu Sep 11 22:08:49 GMT 2025","Thu Sep 11 22:08:49 GMT 2025","1","StringUtilsTestSuite","TestReplaceFunc","","","","Empty input string",""
"passed","Thu Sep 11 22:10:31 GMT 2025","Thu Sep 11 22:10:31 GMT 2025","143","SearchRepositoryTestSuite","TestSearchPlants","","","","Search plants by height",""
"passed","Thu Sep 11 22:10:02 GMT 2025","Thu Sep 11 22:10:02 GMT 2025","75","PlantRepositoryTestSuite","TestCreatePlant","","","","Coniferous plant",""
"passed","Thu Sep 11 22:10:02 GMT 2025","Thu Sep 11 22:10:02 GMT 2025","72","PlantRepositoryTestSuite","TestCreatePlant","","","","Deciduous plant",""
"passed","Thu Sep 11 22:08:49 GMT 2025","Thu Sep 11 22:08:49 GMT 2025","0","BcryptHasherTestSuite","TestBcryptHasherCompare","","","","Invalid hash comparison",""
"passed","Thu Sep 11 22:08:48 GMT 2025","Thu Sep 11 22:08:48 GMT 2025","0","","PlantTestSuite","","","","TestNewPlant_Success","Successful plant creation via NewPlant with auto-generated ID"
"passed","Thu Sep 11 22:08:48 GMT 2025","Thu Sep 11 22:08:48 GMT 2025","1","","PostTestSuite","","","","TestCreatePostValidationErrors","Test validation errors during post creation"
"passed","Thu Sep 11 22:08:47 GMT 2025","Thu Sep 11 22:08:47 GMT 2025","0","","MapSessionStorageTestSuite","","","","TestGetExpiredSession","Test retrieving expired session from storage"
"passed","Thu Sep 11 22:08:49 GMT 2025","Thu Sep 11 22:08:49 GMT 2025","0","","PlantServiceGetTestSuite","","","","TestGetPlant","Test plant retrieval functionality"
"passed","Thu Sep 11 22:10:02 GMT 2025","Thu Sep 11 22:10:02 GMT 2025","99","PlantRepositoryTestSuite","TestCreatePlant","","","","Plant with no photos",""
"passed","Thu Sep 11 22:08:49 GMT 2025","Thu Sep 11 22:08:49 GMT 2025","1","","StringUtilsTestSuite","","","","TestReplaceFunc","Test ReplaceFunc functionality with various patterns and replacers"
"passed","Thu Sep 11 22:08:49 GMT 2025","Thu Sep 11 22:08:49 GMT 2025","1","StringUtilsTestSuite","TestReplaceFunc","","","","Pattern with multiple %s placeholders",""
"passed","Thu Sep 11 22:08:48 GMT 2025","Thu Sep 11 22:08:48 GMT 2025","0","","ConiferousSpecificationTestSuite","","","","TestPlantWithConiferousSpecification","Integration test: creating a plant with coniferous specification"
"passed","Thu Sep 11 22:08:49 GMT 2025","Thu Sep 11 22:08:49 GMT 2025","1","PlantServiceGetTestSuite","TestGetPlant","","","","Not authorized for plant retrieval",""
"passed","Thu Sep 11 22:08:48 GMT 2025","Thu Sep 11 22:08:48 GMT 2025","0","","PlantPhotosTestSuite","","","","TestNewPlantPhotos","Test creation of new plant photos collection"
"passed","Thu Sep 11 22:08:48 GMT 2025","Thu Sep 11 22:08:48 GMT 2025","1","","LatexLikeParserTestSuite","","","","TestSinglePlantByUUID","Test parsing single plant reference by UUID"
"passed","Thu Sep 11 22:08:49 GMT 2025","Thu Sep 11 22:08:49 GMT 2025","1","PlantServiceGetTestSuite","TestGetPlant","","","","Successful plant retrieval",""
"passed","Thu Sep 11 22:08:47 GMT 2025","Thu Sep 11 22:08:47 GMT 2025","0","","MapSessionStorageTestSuite","","","","TestNewMapSessionStorage","Test creation of new MapSessionStorage instance"
"passed","Thu Sep 11 22:08:48 GMT 2025","Thu Sep 11 22:08:48 GMT 2025","0","PostTestSuite","TestRemoveTag","","","","Not found",""
"passed","Thu Sep 11 22:08:48 GMT 2025","Thu Sep 11 22:08:48 GMT 2025","0","","PostPhotoTestSuite","","","","TestNewPostPhotos","Test creation of new post photos collection"
"passed","Thu Sep 11 22:08:49 GMT 2025","Thu Sep 11 22:08:49 GMT 2025","0","","SearchServiceGetPlantTestSuite","","","","TestGetPlantByID","Test plant retrieval by ID functionality"
"passed","Thu Sep 11 22:08:47 GMT 2025","Thu Sep 11 22:08:47 GMT 2025","0","","MapSessionStorageTestSuite","","","","TestConcurrentAccess","Test concurrent access to session storage"
"passed","Thu Sep 11 22:10:16 GMT 2025","Thu Sep 11 22:10:16 GMT 2025","27","PostRepositoryTestSuite","TestGetPost","","","","Successful post retrieval",""
"passed","Thu Sep 11 22:08:49 GMT 2025","Thu Sep 11 22:08:49 GMT 2025","1","PlantServiceGetTestSuite","TestGetPlant","","","","Plant with empty photos",""
"passed","Thu Sep 11 22:08:49 GMT 2025","Thu Sep 11 22:08:49 GMT 2025","1","SearchServiceTestGetPostSuite","TestGetPost","","","","Successful post retrieval",""
"passed","Thu Sep 11 22:08:48 GMT 2025","Thu Sep 11 22:08:48 GMT 2025","0","","DeciduousSpecificationTestSuite","","","","TestDeciduosImplementsPlantSpecification","Verify that DeciduousSpecification implements PlantSpecification interface"
"passed","Thu Sep 11 22:08:49 GMT 2025","Thu Sep 11 22:08:49 GMT 2025","0","SearchServiceTestGetPostSuite","TestGetPost","","","","Nil post ID",""
"passed","Thu Sep 11 22:08:48 GMT 2025","Thu Sep 11 22:08:48 GMT 2025","0","","MemberTestSuite","","","","TestAuthError","Authentication error handling"
"passed","Thu Sep 11 22:08:48 GMT 2025","Thu Sep 11 22:08:48 GMT 2025","1","AlbumServiceTestSuite","TestRemovePlantFromAlbum","","","","Successful plant removal from album",""
"passed","Thu Sep 11 22:08:48 GMT 2025","Thu Sep 11 22:08:48 GMT 2025","0","MemberTestSuite","TestCreateMemberValidationErrors","","","","Empty email",""
"passed","Thu Sep 11 22:08:49 GMT 2025","Thu Sep 11 22:08:49 GMT 2025","1","PostServiceDeleteTestSuite","TestDeletePost","","","","Not authorized user",""
"passed","Thu Sep 11 22:08:48 GMT 2025","Thu Sep 11 22:08:48 GMT 2025","0","","PostPhotoTestSuite","","","","TestAddMaxPhotos","Test maximum photos limit enforcement"
"passed","Thu Sep 11 22:08:48 GMT 2025","Thu Sep 11 22:08:48 GMT 2025","0","","PostTestSuite","","","","TestUpdateTitle","Successful update of post title"
"passed","Thu Sep 11 22:08:48 GMT 2025","Thu Sep 11 22:08:48 GMT 2025","1","","AlbumServiceTestSuite","","","","TestCreateAlbum","Test album creation functionality"
"passed","Thu Sep 11 22:08:48 GMT 2025","Thu Sep 11 22:08:48 GMT 2025","0","","PostFiltersTestSuite","","","","TestPostTitleFilter","Test exact post title filtering"
"passed","Thu Sep 11 22:10:32 GMT 2025","Thu Sep 11 22:10:33 GMT 2025","241","","SearchRepositoryTestSuite","","","","TestGetPostByID","Test post retrieval by ID"
"passed","Thu Sep 11 22:08:49 GMT 2025","Thu Sep 11 22:08:49 GMT 2025","1","PostServiceCreateTestSuite","TestCreatePost","","","","Successful post creation",""
"passed","Thu Sep 11 22:08:49 GMT 2025","Thu Sep 11 22:08:49 GMT 2025","1","PlantServiceTestSuite","TestDeletePlant","","","","Successful plant deletion",""
"passed","Thu Sep 11 22:08:48 GMT 2025","Thu Sep 11 22:08:48 GMT 2025","1","","PlantPhotoTestSuite","","","","TestCreatePlantPhotoValidationErrors","Test validation errors during plant photo creation"
"passed","Thu Sep 11 22:08:48 GMT 2025","Thu Sep 11 22:08:48 GMT 2025","0","PostFiltersTestSuite","TestPostTitleContainsFilter","","","","Exact match",""
"passed","Thu Sep 11 22:08:48 GMT 2025","Thu Sep 11 22:08:48 GMT 2025","0","PostPhotoTestSuite","TestValidate","","","","Empty file ID",""
"passed","Thu Sep 11 22:08:47 GMT 2025","Thu Sep 11 22:08:47 GMT 2025","0","","MapSessionStorageTestSuite","","","","TestClearExpiredSessions","Test clearing expired sessions from storage"
"passed","Thu Sep 11 22:08:49 GMT 2025","Thu Sep 11 22:08:49 GMT 2025","1","PostServiceTestSuite","TestGetPost","","","","Nil post ID",""
"passed","Thu Sep 11 22:10:17 GMT 2025","Thu Sep 11 22:10:18 GMT 2025","242","","PostRepositoryTestSuite","","","","TestDeletePost","Test post deletion functionality"
"passed","Thu Sep 11 22:08:49 GMT 2025","Thu Sep 11 22:08:49 GMT 2025","1","PostServiceCreateTestSuite","TestCreatePost","","","","Post creation error",""
"passed","Thu Sep 11 22:08:48 GMT 2025","Thu Sep 11 22:08:48 GMT 2025","0","AuthorTestSuite","TestCreateAuthorValidationErrors","","","","Invalid member",""
"passed","Thu Sep 11 22:10:17 GMT 2025","Thu Sep 11 22:10:17 GMT 2025","94","PostRepositoryTestSuite","TestCreatePost","","","","Post with no photos",""
"passed","Thu Sep 11 22:08:48 GMT 2025","Thu Sep 11 22:08:48 GMT 2025","0","","PostTestSuite","","","","TestUpdateContent","Successful update of post content"
"passed","Thu Sep 11 22:09:48 GMT 2025","Thu Sep 11 22:09:48 GMT 2025","159","","AuthRepositoryTestSuite","","","","TestUpdateMember","Test member update functionality"
"passed","Thu Sep 11 22:08:49 GMT 2025","Thu Sep 11 22:08:49 GMT 2025","1","PostServiceTestSuite","TestGetPost","","","","Photo file not found",""
"passed","Thu Sep 11 22:08:48 GMT 2025","Thu Sep 11 22:08:48 GMT 2025","1","","DeciduousSpecificationTestSuite","","","","TestNewDeciduousSpecificationValidationErrors","Test validation errors during deciduous specification creation"
"passed","Thu Sep 11 22:08:49 GMT 2025","Thu Sep 11 22:08:49 GMT 2025","2","PlantServiceGetTestSuite","TestGetPlant","","","","Main photo not found during retrieval",""
"passed","Thu Sep 11 22:09:44 GMT 2025","Thu Sep 11 22:09:44 GMT 2025","38","AlbumRepositoryTestSuite","TestGetAlbum","","","","Non-existent album retrieval",""
"passed","Thu Sep 11 22:08:49 GMT 2025","Thu Sep 11 22:08:49 GMT 2025","1","AuthServiceTestSuite","TestAuthenticate","","","","User not found during authentication",""
"passed","Thu Sep 11 22:08:48 GMT 2025","Thu Sep 11 22:08:48 GMT 2025","0","","PlantPhotosTestSuite","","","","TestIterateUpdateSuccess","Test successful update iteration over photos collection"
"passed","Thu Sep 11 22:08:49 GMT 2025","Thu Sep 11 22:08:49 GMT 2025","4","","AuthServiceTestSuite","","","","TestLogout","Test user logout functionality"
"passed","Thu Sep 11 22:08:48 GMT 2025","Thu Sep 11 22:08:48 GMT 2025","0","","LatexLikeParserTestSuite","","","","TestSuffix","Test parser suffix method"
"passed","Thu Sep 11 22:08:49 GMT 2025","Thu Sep 11 22:08:49 GMT 2025","2","PostServiceTestSuite","TestGetPost","","","","User without author rights",""
"passed","Thu Sep 11 22:08:49 GMT 2025","Thu Sep 11 22:08:49 GMT 2025","3","PostServiceUpdateTextTestSuite","TestUpdatePost","","","","User without author rights",""
"passed","Thu Sep 11 22:08:48 GMT 2025","Thu Sep 11 22:08:48 GMT 2025","0","PlantPhotoTestSuite","TestCreatePlantPhotoValidationErrors","","","","Empty file ID",""
"passed","Thu Sep 11 22:08:48 GMT 2025","Thu Sep 11 22:08:48 GMT 2025","2","","AlbumTestSuite","","","","TestCreateAlbumSuccess","Successful creation of album with valid parameters"
"passed","Thu Sep 11 22:08:48 GMT 2025","Thu Sep 11 22:08:48 GMT 2025","2","AlbumServiceTestSuite","TestCreateAlbum","","","","No member rights for album creation",""
"passed","Thu Sep 11 22:08:48 GMT 2025","Thu Sep 11 22:08:48 GMT 2025","0","","PlantFiltersTestSuite","","","","TestPlantNameFilter","Test plant name filtering"
"passed","Thu Sep 11 22:09:43 GMT 2025","Thu Sep 11 22:09:43 GMT 2025","238","","AlbumRepositoryTestSuite","","","","TestDeleteAlbum","Test album deletion functionality"
"passed","Thu Sep 11 22:09:48 GMT 2025","Thu Sep 11 22:09:48 GMT 2025","162","","AuthRepositoryTestSuite","","","","TestRevokeAuthorRights","Test author rights revocation functionality"
"passed","Thu Sep 11 22:08:49 GMT 2025","Thu Sep 11 22:08:49 GMT 2025","1","PlantServiceCreateTestSuite","TestCreatePlant","","","","No author rights for plant creation",""
"passed","Thu Sep 11 22:08:48 GMT 2025","Thu Sep 11 22:08:48 GMT 2025","0","PostTestSuite","TestCreatePostValidationErrors","","","","Future update time",""
"passed","Thu Sep 11 22:08:49 GMT 2025","Thu Sep 11 22:08:49 GMT 2025","0","BcryptHasherTestSuite","TestNewBcryptHasher","","","","Valid cost parameter",""
"passed","Thu Sep 11 22:08:48 GMT 2025","Thu Sep 11 22:08:48 GMT 2025","0","","PlantPhotosTestSuite","","","","TestIterateWithError","Test iteration with custom error"
"passed","Thu Sep 11 22:08:49 GMT 2025","Thu Sep 11 22:08:49 GMT 2025","1","","PlantServiceTestSuite","","","","TestUploadPlantPhoto","Test plant photo upload functionality"
"passed","Thu Sep 11 22:08:48 GMT 2025","Thu Sep 11 22:08:48 GMT 2025","0","","LatexLikeParserTestSuite","","","","TestInvalidPlantUUID","Test parsing with invalid plant UUID"
"passed","Thu Sep 11 22:08:49 GMT 2025","Thu Sep 11 22:08:49 GMT 2025","0","AuthServiceTestSuite","TestLogout","","","","Successful logout",""
"passed","Thu Sep 11 22:08:49 GMT 2025","Thu Sep 11 22:08:49 GMT 2025","1","","PostServiceUpdateTextTestSuite","","","","TestUpdatePost","Test post update functionality"
"passed","Thu Sep 11 22:08:48 GMT 2025","Thu Sep 11 22:08:48 GMT 2025","0","ConiferousSpecificationTestSuite","TestNewConiferousSpecificationValidationErrors","","","","Invalid diameter (zero value)",""
"passed","Thu Sep 11 22:08:49 GMT 2025","Thu Sep 11 22:08:49 GMT 2025","2","SearchServiceTestSuite","TestSearchPlants","","","","Successful search with category filter",""
"passed","Thu Sep 11 22:08:49 GMT 2025","Thu Sep 11 22:08:49 GMT 2025","2","PostServiceUpdateTextTestSuite","TestUpdatePost","","","","Invalid content",""
"passed","Thu Sep 11 22:08:49 GMT 2025","Thu Sep 11 22:08:49 GMT 2025","0","SearchServiceTestSearchTestSuite","TestSearchPosts","","","","Repository error during search",""
"passed","Thu Sep 11 22:08:48 GMT 2025","Thu Sep 11 22:08:48 GMT 2025","1","AlbumServiceTestSuite","TestUpdateAlbumName","","","","Not owner trying to update album name",""
"passed","Thu Sep 11 22:08:48 GMT 2025","Thu Sep 11 22:08:48 GMT 2025","0","AuthValidationTestSuite","TestValidateEmail","","","","Valid email address",""
"passed","Thu Sep 11 22:08:49 GMT 2025","Thu Sep 11 22:08:49 GMT 2025","4","PlantServiceCreateTestSuite","TestCreatePlant","","","","Invalid category during creation",""
"passed","Thu Sep 11 22:08:49 GMT 2025","Thu Sep 11 22:08:49 GMT 2025","1","PlantServiceGetTestSuite","TestGetPlant","","","","Plant not found during retrieval",""
"passed","Thu Sep 11 22:08:48 GMT 2025","Thu Sep 11 22:08:48 GMT 2025","1","AlbumServiceTestSuite","TestUpdateAlbumName","","","","Successful album name update",""
"passed","Thu Sep 11 22:10:17 GMT 2025","Thu Sep 11 22:10:17 GMT 2025","135","PostRepositoryTestSuite","TestCreatePost","","","","Successful post creation",""
"passed","Thu Sep 11 22:08:49 GMT 2025","Thu Sep 11 22:08:49 GMT 2025","2","PlantServiceCreateTestSuite","TestCreatePlant","","","","Invalid specification during creation",""
"passed","Thu Sep 11 22:08:48 GMT 2025","Thu Sep 11 22:08:48 GMT 2025","0","PostFiltersTestSuite","TestPostTitleContainsFilter","","","","Case insensitive",""
"passed","Thu Sep 11 22:08:48 GMT 2025","Thu Sep 11 22:08:48 GMT 2025","0","MemberTestSuite","TestCreateMemberValidationErrors","","","","Valid data",""
"passed","Thu Sep 11 22:08:48 GMT 2025","Thu Sep 11 22:08:48 GMT 2025","0","","LatexLikeParserTestSuite","","","","TestMultiplePlantsByUUID","Test parsing multiple plant references by UUID"
"passed","Thu Sep 11 22:08:48 GMT 2025","Thu Sep 11 22:08:48 GMT 2025","1","","PostPhotoTestSuite","","","","TestValidate","Test validation of post photos collection"
"passed","Thu Sep 11 22:08:49 GMT 2025","Thu Sep 11 22:08:49 GMT 2025","1","PlantServiceCreateTestSuite","TestCreatePlant","","","","Not authorized for plant creation",""
"passed","Thu Sep 11 22:08:49 GMT 2025","Thu Sep 11 22:08:49 GMT 2025","2","PlantServiceCreateTestSuite","TestCreatePlant","","","","Repository create error during creation",""
"passed","Thu Sep 11 22:08:48 GMT 2025","Thu Sep 11 22:08:48 GMT 2025","0","","PlantFiltersTestSuite","","","","TestPlantSoilAcidityFilter","Test plant soil acidity range filtering"
"passed","Thu Sep 11 22:08:48 GMT 2025","Thu Sep 11 22:08:48 GMT 2025","1","","AuthorTestSuite","","","","TestCreateAuthorValidationErrors","Test validation errors during author creation"
"passed","Thu Sep 11 22:09:43 GMT 2025","Thu Sep 11 22:09:43 GMT 2025","65","AlbumRepositoryTestSuite","TestDeleteAlbum","","","","Non-existent album deletion",""
"passed","Thu Sep 11 22:08:49 GMT 2025","Thu Sep 11 22:08:49 GMT 2025","1","SearchServiceTestGetPostSuite","TestGetPost","","","","Photo file not found",""
"passed","Thu Sep 11 22:08:49 GMT 2025","Thu Sep 11 22:08:49 GMT 2025","1","PostServiceUpdateTextTestSuite","TestUpdatePost","","","","Successful post update",""
"passed","Thu Sep 11 22:08:48 GMT 2025","Thu Sep 11 22:08:48 GMT 2025","0","PostTestSuite","TestCreatePostValidationErrors","","","","Empty ID",""
"passed","Thu Sep 11 22:08:48 GMT 2025","Thu Sep 11 22:08:48 GMT 2025","0","","PostTestSuite","","","","TestAddTag","Test tag addition functionality"
"passed","Thu Sep 11 22:08:49 GMT 2025","Thu Sep 11 22:08:49 GMT 2025","1","PostServiceCreateTestSuite","TestCreatePost","","","","File upload error",""
"passed","Thu Sep 11 22:10:32 GMT 2025","Thu Sep 11 22:10:32 GMT 2025","230","","SearchRepositoryTestSuite","","","","TestGetPlantByID","Test plant retrieval by ID"
"passed","Thu Sep 11 22:08:48 GMT 2025","Thu Sep 11 22:08:48 GMT 2025","0","","PlantFiltersTestSuite","","","","TestPlantLatinNameFilter","Test plant latin name filtering"
"passed","Thu Sep 11 22:08:48 GMT 2025","Thu Sep 11 22:08:48 GMT 2025","0","","DeciduousSpecificationTestSuite","","","","TestNewDeciduousSpecificationSuccess","Successful creation of DeciduousSpecification with valid parameters"
"passed","Thu Sep 11 22:08:48 GMT 2025","Thu Sep 11 22:08:48 GMT 2025","0","MemberTestSuite","TestCreateMemberValidationErrors","","","","Invalid email",""
"passed","Thu Sep 11 22:08:49 GMT 2025","Thu Sep 11 22:08:49 GMT 2025","0","","PostServiceDeleteTestSuite","","","","TestDeletePost","Test post deletion functionality"
"passed","Thu Sep 11 22:09:43 GMT 2025","Thu Sep 11 22:09:43 GMT 2025","189","","AlbumRepositoryTestSuite","","","","TestCreateAlbum","Test album creation functionality"
"passed","Thu Sep 11 22:08:48 GMT 2025","Thu Sep 11 22:08:48 GMT 2025","0","","PostTestSuite","","","","TestCreatePostSuccess","Successful creation of post with valid parameters"
"passed","Thu Sep 11 22:08:48 GMT 2025","Thu Sep 11 22:08:48 GMT 2025","0","","AuthorTestSuite","","","","TestID","Test author ID retrieval"
"passed","Thu Sep 11 22:08:48 GMT 2025","Thu Sep 11 22:08:48 GMT 2025","1","","PostFiltersTestSuite","","","","TestPostTitleContainsFilter","Test partial post title matching"
"passed","Thu Sep 11 22:08:49 GMT 2025","Thu Sep 11 22:08:49 GMT 2025","0","PostServiceTestSuite","TestGetPost","","","","Successful post retrieval",""
"passed","Thu Sep 11 22:08:48 GMT 2025","Thu Sep 11 22:08:48 GMT 2025","1","","ConiferousSpecificationTestSuite","","","","TestGettersReturnCorrectValues","Test that ConiferousSpecification getters return correct values"
"passed","Thu Sep 11 22:08:49 GMT 2025","Thu Sep 11 22:08:49 GMT 2025","1","SearchServiceTestGetPostSuite","TestGetPost","","","","Post not found",""
"passed","Thu Sep 11 22:08:49 GMT 2025","Thu Sep 11 22:08:49 GMT 2025","0","","PostServiceTestSuite","","","","TestGetPost","Test post retrieval functionality"
"passed","Thu Sep 11 22:10:44 GMT 2025","Thu Sep 11 22:12:40 GMT 2025","115598","","PlantTestSuite","","","","TestE2EPlant","Test plant creation and retrieval functionality"
"passed","Thu Sep 11 22:08:49 GMT 2025","Thu Sep 11 22:08:49 GMT 2025","2","","AuthServiceTestSuite","","","","TestRegister","Test user registration functionality"
"passed","Thu Sep 11 22:08:48 GMT 2025","Thu Sep 11 22:08:48 GMT 2025","0","","PlantFiltersTestSuite","","","","TestPlantCategoryFilter","Test plant category filtering"
"passed","Thu Sep 11 22:08:48 GMT 2025","Thu Sep 11 22:08:48 GMT 2025","0","PlantPhotoTestSuite","TestCreatePlantPhotoValidationErrors","","","","Empty ID",""
"passed","Thu Sep 11 22:09:48 GMT 2025","Thu Sep 11 22:09:48 GMT 2025","159","","AuthRepositoryTestSuite","","","","TestCreateDuplicateMember","Test duplicate member creation handling"
"passed","Thu Sep 11 22:08:48 GMT 2025","Thu Sep 11 22:08:48 GMT 2025","0","","AlbumTestSuite","","","","TestRemovePlantNotFound","Failed removal of non-existent plant from album"
"passed","Thu Sep 11 22:08:48 GMT 2025","Thu Sep 11 22:08:48 GMT 2025","0","","PostTestSuite","","","","TestNewPostSuccess","Successful creation of post with auto-generated fields"
"passed","Thu Sep 11 22:08:49 GMT 2025","Thu Sep 11 22:08:49 GMT 2025","0","BcryptHasherTestSuite","TestNewBcryptHasher","","","","Panic when cost too low",""
"passed","Thu Sep 11 22:08:49 GMT 2025","Thu Sep 11 22:08:49 GMT 2025","1","SearchServiceTestSuite","TestSearchPlants","","","","Successful search without filters",""
"passed","Thu Sep 11 22:08:48 GMT 2025","Thu Sep 11 22:08:48 GMT 2025","0","","AlbumTestSuite","","","","TestUpdateDescription","Successful update of album description"
"passed","Thu Sep 11 22:10:01 GMT 2025","Thu Sep 11 22:10:02 GMT 2025","559","","PlantRepositoryTestSuite","","","","TestCreatePlant","Test plant creation functionality"
"passed","Thu Sep 11 22:08:48 GMT 2025","Thu Sep 11 22:08:48 GMT 2025","0","","PlantPhotoTestSuite","","","","TestNewPlantPhotoSuccess","Successful creation of plant photo with auto-generated ID"
"passed","Thu Sep 11 22:08:48 GMT 2025","Thu Sep 11 22:08:48 GMT 2025","0","","AlbumTestSuite","","","","TestGetOwnerID","Test owner ID retrieval"
"passed","Thu Sep 11 22:08:48 GMT 2025","Thu Sep 11 22:08:48 GMT 2025","1","","AlbumTestSuite","","","","TestCreateAlbumValidationErrors","Test validation errors during album creation"
"passed","Thu Sep 11 22:08:49 GMT 2025","Thu Sep 11 22:08:49 GMT 2025","3","PlantServiceCreateTestSuite","TestCreatePlant","","","","File upload error during creation",""
"passed","Thu Sep 11 22:08:49 GMT 2025","Thu Sep 11 22:08:49 GMT 2025","1","StringUtilsTestSuite","TestReplaceFunc","","","","Empty matches handling",""
"passed","Thu Sep 11 22:09:47 GMT 2025","Thu Sep 11 22:09:47 GMT 2025","162","","AuthRepositoryTestSuite","","","","TestGetByEmail","Test member retrieval by email functionality"
"passed","Thu Sep 11 22:09:47 GMT 2025","Thu Sep 11 22:09:47 GMT 2025","158","","AuthRepositoryTestSuite","","","","TestGetMember","Test member retrieval functionality"
"passed","Thu Sep 11 22:08:47 GMT 2025","Thu Sep 11 22:08:47 GMT 2025","0","","MapSessionStorageTestSuite","","","","TestDeleteSession","Test session deletion from storage"
"passed","Thu Sep 11 22:08:49 GMT 2025","Thu Sep 11 22:08:49 GMT 2025","1","SearchServiceTestSuite","TestSearchPlants","","","","Repository error during search",""
"passed","Thu Sep 11 22:08:48 GMT 2025","Thu Sep 11 22:08:48 GMT 2025","0","AuthValidationTestSuite","TestValidateEmail","","","","Missing domain part",""
"passed","Thu Sep 11 22:08:49 GMT 2025","Thu Sep 11 22:08:49 GMT 2025","1","PlantServiceTestSuite","TestUpdatePlantSpec","","","","Successful plant specification update",""
"passed","Thu Sep 11 22:08:49 GMT 2025","Thu Sep 11 22:08:49 GMT 2025","2","PostServiceTestSuite","TestGetPost","","","","Not authorized user",""
"passed","Thu Sep 11 22:08:49 GMT 2025","Thu Sep 11 22:08:49 GMT 2025","66","BcryptHasherTestSuite","TestBcryptHasherCompare","","","","Wrong password comparison",""
"passed","Thu Sep 11 22:10:16 GMT 2025","Thu Sep 11 22:10:16 GMT 2025","194","","PostRepositoryTestSuite","","","","TestGetPost","Test post retrieval functionality"
"passed","Thu Sep 11 22:08:49 GMT 2025","Thu Sep 11 22:08:49 GMT 2025","1","SearchServiceTestSearchTestSuite","TestSearchPosts","","","","Empty search results",""
"passed","Thu Sep 11 22:08:49 GMT 2025","Thu Sep 11 22:08:49 GMT 2025","3","PostServiceUpdateTextTestSuite","TestUpdatePost","","","","Not authorized user",""
"passed","Thu Sep 11 22:08:49 GMT 2025","Thu Sep 11 22:08:49 GMT 2025","67","BcryptHasherTestSuite","TestBcryptHasherCompare","","","","Successful password comparison",""
"passed","Thu Sep 11 22:08:48 GMT 2025","Thu Sep 11 22:08:48 GMT 2025","1","","PlantFiltersTestSuite","","","","TestPlantDiameterFilter","Test plant diameter range filtering"
"passed","Thu Sep 11 22:08:48 GMT 2025","Thu Sep 11 22:08:48 GMT 2025","0","AlbumTestSuite","TestCreateAlbumValidationErrors","","","","Nil plantIDs",""
"passed","Thu Sep 11 22:08:49 GMT 2025","Thu Sep 11 22:08:49 GMT 2025","1","PostServiceDeleteTestSuite","TestDeletePost","","","","User without author rights",""
"passed","Thu Sep 11 22:08:48 GMT 2025","Thu Sep 11 22:08:48 GMT 2025","0","PlantTestSuite","TestCreatePlant_ValidationErrors","","","","Future creation date should cause validation error",""
"passed","Thu Sep 11 22:08:48 GMT 2025","Thu Sep 11 22:08:48 GMT 2025","0","","PostPhotoTestSuite","","","","TestAddSuccess","Successful addition of photo to collection"
"passed","Thu Sep 11 22:08:49 GMT 2025","Thu Sep 11 22:08:49 GMT 2025","2","AuthServiceTestSuite","TestLogin","","","","User not found during login",""
"passed","Thu Sep 11 22:08:47 GMT 2025","Thu Sep 11 22:08:47 GMT 2025","0","","MapSessionStorageTestSuite","","","","TestDeleteNonExistentSession","Test deletion of non-existent session"
"passed","Thu Sep 11 22:08:48 GMT 2025","Thu Sep 11 22:08:48 GMT 2025","0","","AlbumTestSuite","","","","TestUpdateName","Successful update of album name"
"passed","Thu Sep 11 22:08:48 GMT 2025","Thu Sep 11 22:08:48 GMT 2025","1","","MemberTestSuite","","","","TestCreateMemberValidationErrors","Test validation errors during member creation"
"passed","Thu Sep 11 22:08:49 GMT 2025","Thu Sep 11 22:08:49 GMT 2025","0","","SearchServiceTestSearchTestSuite","","","","TestSearchPosts","Test post search functionality"
"passed","Thu Sep 11 22:08:48 GMT 2025","Thu Sep 11 22:08:48 GMT 2025","0","PostTestSuite","TestCreatePostValidationErrors","","","","Update before creation",""
"passed","Thu Sep 11 22:08:49 GMT 2025","Thu Sep 11 22:08:49 GMT 2025","0","","AuthServiceTestSuite","","","","TestAuthenticate","Test user authentication functionality"
"passed","Thu Sep 11 22:08:49 GMT 2025","Thu Sep 11 22:08:49 GMT 2025","1","PlantServiceTestSuite","TestUploadPlantPhoto","","","","Photo addition error during upload",""
"passed","Thu Sep 11 22:08:48 GMT 2025","Thu Sep 11 22:08:48 GMT 2025","0","AlbumTestSuite","TestCreateAlbumValidationErrors","","","","Empty ID",""
"passed","Thu Sep 11 22:08:48 GMT 2025","Thu Sep 11 22:08:48 GMT 2025","1","","AlbumTestSuite","","","","TestNewAlbumSuccess","Successful creation of album with auto-generated fields"
"passed","Thu Sep 11 22:08:49 GMT 2025","Thu Sep 11 22:08:49 GMT 2025","1","PostServiceDeleteTestSuite","TestDeletePost","","","","Nil post ID",""
"passed","Thu Sep 11 22:08:48 GMT 2025","Thu Sep 11 22:08:48 GMT 2025","1","AlbumServiceTestSuite","TestGetAlbum","","","","Album not found during retrieval",""
"passed","Thu Sep 11 22:09:43 GMT 2025","Thu Sep 11 22:09:43 GMT 2025","21","AlbumRepositoryTestSuite","TestCreateAlbum","","","","Successful album creation",""
"passed","Thu Sep 11 22:08:48 GMT 2025","Thu Sep 11 22:08:48 GMT 2025","0","","PostTestSuite","","","","TestAddPhoto","Test photo addition error handling"
"passed","Thu Sep 11 22:08:48 GMT 2025","Thu Sep 11 22:08:48 GMT 2025","0","PostFiltersTestSuite","TestPostTitleContainsFilter","","","","Partial match",""
"passed","Thu Sep 11 22:08:49 GMT 2025","Thu Sep 11 22:08:49 GMT 2025","67","BcryptHasherTestSuite","TestBcryptHasherHash","","","","Hash empty password",""
"passed","Thu Sep 11 22:08:49 GMT 2025","Thu Sep 11 22:08:49 GMT 2025","2","PostServiceCreateTestSuite","TestCreatePost","","","","Not authorized user",""
"passed","Thu Sep 11 22:08:48 GMT 2025","Thu Sep 11 22:08:48 GMT 2025","0","","PlantPhotoTestSuite","","","","TestGetters","Test plant photo getter methods"
"passed","Thu Sep 11 22:08:48 GMT 2025","Thu Sep 11 22:08:48 GMT 2025","0","PlantFiltersTestSuite","TestPlantDiameterFilter","","","","No plants match range",""
"passed","Thu Sep 11 22:08:48 GMT 2025","Thu Sep 11 22:08:48 GMT 2025","0","","PlantPhotoTestSuite","","","","TestCreatePlantPhotoSuccess","Successful creation of plant photo with valid parameters"
"passed","Thu Sep 11 22:08:48 GMT 2025","Thu Sep 11 22:08:48 GMT 2025","0","AuthValidationTestSuite","TestValidateEmail","","","","Valid email with plus addressing",""
"passed","Thu Sep 11 22:10:32 GMT 2025","Thu Sep 11 22:10:32 GMT 2025","214","SearchRepositoryTestSuite","TestSearchPosts","","","","Search posts by title",""
"passed","Thu Sep 11 22:08:49 GMT 2025","Thu Sep 11 22:08:49 GMT 2025","132","BcryptHasherTestSuite","TestBcryptHasherCompare","","","","Empty password comparison",""
"passed","Thu Sep 11 22:08:48 GMT 2025","Thu Sep 11 22:08:48 GMT 2025","0","AuthValidationTestSuite","TestValidateEmail","","","","Email with multiple @ symbols",""
"passed","Thu Sep 11 22:10:16 GMT 2025","Thu Sep 11 22:10:17 GMT 2025","246","PostRepositoryTestSuite","TestListAuthorPosts","","","","Successful author posts listing",""
"passed","Thu Sep 11 22:08:49 GMT 2025","Thu Sep 11 22:08:49 GMT 2025","1","SearchServiceTestSuite","TestSearchPlants","","","","Empty search results",""
"passed","Thu Sep 11 22:08:48 GMT 2025","Thu Sep 11 22:08:48 GMT 2025","0","","PostPhotoTestSuite","","","","TestNewPostPhoto","Successful creation of post photo with auto-generated ID"
"passed","Thu Sep 11 22:08:48 GMT 2025","Thu Sep 11 22:08:48 GMT 2025","0","","PlantTestSuite","","","","TestUpdateSpecSuccess","Successful update of plant specification"
"passed","Thu Sep 11 22:08:48 GMT 2025","Thu Sep 11 22:08:48 GMT 2025","1","","AlbumServiceTestSuite","","","","TestUpdateAlbumName","Test album name update functionality"
"passed","Thu Sep 11 22:08:48 GMT 2025","Thu Sep 11 22:08:48 GMT 2025","1","AlbumServiceTestSuite","TestCreateAlbum","","","","Not authorized for album creation",""
"passed","Thu Sep 11 22:08:48 GMT 2025","Thu Sep 11 22:08:48 GMT 2025","1","AlbumServiceTestSuite","TestGetAlbum","","","","Not owner trying to access album",""
"passed","Thu Sep 11 22:08:48 GMT 2025","Thu Sep 11 22:08:48 GMT 2025","0","","PostPhotoTestSuite","","","","TestRemoveSuccess","Successful removal of photo from collection"
"passed","Thu Sep 11 22:10:17 GMT 2025","Thu Sep 11 22:10:17 GMT 2025","127","PostRepositoryTestSuite","TestUpdatePost","","","","Successful post update",""
"passed","Thu Sep 11 22:08:48 GMT 2025","Thu Sep 11 22:08:48 GMT 2025","0","","PlantTestSuite","","","","TestCreatePlant_Success","Successful plant creation with valid data"
"passed","Thu Sep 11 22:08:48 GMT 2025","Thu Sep 11 22:08:48 GMT 2025","0","","PlantTestSuite","","","","TestAddPhotoSuccess","Successful addition of photo to plant"
"passed","Thu Sep 11 22:08:49 GMT 2025","Thu Sep 11 22:08:49 GMT 2025","1","","PlantServiceTestSuite","","","","TestUpdatePlantSpec","Test plant specification update functionality"
"passed","Thu Sep 11 22:08:48 GMT 2025","Thu Sep 11 22:08:48 GMT 2025","0","","LatexLikeParserTestSuite","","","","TestPlantByName","Test parsing plant reference by name"
"passed","Thu Sep 11 22:08:48 GMT 2025","Thu Sep 11 22:08:48 GMT 2025","0","","PlantPhotosTestSuite","","","","TestLen","Test collection length functionality"
"passed","Thu Sep 11 22:08:49 GMT 2025","Thu Sep 11 22:08:49 GMT 2025","0","","PlantServiceTestSuite","","","","TestDeletePlant","Test plant deletion functionality"
"passed","Thu Sep 11 22:10:02 GMT 2025","Thu Sep 11 22:10:02 GMT 2025","1","PlantRepositoryTestSuite","TestDeletePlant","","","","Delete non-existent plant",""
"passed","Thu Sep 11 22:08:49 GMT 2025","Thu Sep 11 22:08:49 GMT 2025","1","AuthServiceTestSuite","TestRegister","","","","Password hashing error during registration",""
"passed","Thu Sep 11 22:08:48 GMT 2025","Thu Sep 11 22:08:48 GMT 2025","0","AuthorTestSuite","TestCreateAuthorValidationErrors","","","","Revoke time before give time",""
"passed","Thu Sep 11 22:08:49 GMT 2025","Thu Sep 11 22:08:49 GMT 2025","0","AuthServiceTestSuite","TestLogout","","","","Logout error",""
"passed","Thu Sep 11 22:08:48 GMT 2025","Thu Sep 11 22:08:48 GMT 2025","0","","LatexLikeParserTestSuite","","","","TestMixedPlantsByUUIDAndName","Test parsing mixed plant references by UUID and name"
"passed","Thu Sep 11 22:08:48 GMT 2025","Thu Sep 11 22:08:48 GMT 2025","1","","AlbumServiceTestSuite","","","","TestGetAlbum","Test album retrieval functionality"
"passed","Thu Sep 11 22:08:48 GMT 2025","Thu Sep 11 22:08:48 GMT 2025","0","MemberTestSuite","TestCreateMemberValidationErrors","","","","Zero creation time",""
"passed","Thu Sep 11 22:08:48 GMT 2025","Thu Sep 11 22:08:48 GMT 2025","0","","PostPhotoTestSuite","","","","TestCreatePostPhoto","Successful creation of post photo with specific ID"
"passed","Thu Sep 11 22:08:48 GMT 2025","Thu Sep 11 22:08:48 GMT 2025","1","","ConiferousSpecificationTestSuite","","","","TestNewConiferousSpecificationValidationErrors","Test validation errors during coniferous specification creation"
"passed","Thu Sep 11 22:08:48 GMT 2025","Thu Sep 11 22:08:48 GMT 2025","0","AuthValidationTestSuite","TestValidateEmail","","","","Empty email string",""
"passed","Thu Sep 11 22:09:44 GMT 2025","Thu Sep 11 22:09:44 GMT 2025","270","","AlbumRepositoryTestSuite","","","","TestUpdateAlbum","Test album update functionality"
"passed","Thu Sep 11 22:08:49 GMT 2025","Thu Sep 11 22:08:49 GMT 2025","0","AuthServiceTestSuite","TestRegister","","","","User creation error during registration",""
"passed","Thu Sep 11 22:08:48 GMT 2025","Thu Sep 11 22:08:48 GMT 2025","0","","PostPhotoTestSuite","","","","TestAddDuplicate","Test duplicate photo addition error"
"passed","Thu Sep 11 22:08:48 GMT 2025","Thu Sep 11 22:08:48 GMT 2025","0","PostTestSuite","TestAddTag","","","","Success",""
"passed","Thu Sep 11 22:08:48 GMT 2025","Thu Sep 11 22:08:48 GMT 2025","0","AlbumTestSuite","TestCreateAlbumValidationErrors","","","","Empty ownerID",""
"passed","Thu Sep 11 22:08:49 GMT 2025","Thu Sep 11 22:08:49 GMT 2025","3","AuthServiceTestSuite","TestLogin","","","","Successful login with username",""
"passed","Thu Sep 11 22:08:48 GMT 2025","Thu Sep 11 22:08:48 GMT 2025","1","","AuthValidationTestSuite","","","","TestValidateEmail","Test email validation with various input cases"
"passed","Thu Sep 11 22:08:48 GMT 2025","Thu Sep 11 22:08:48 GMT 2025","0","PostTestSuite","TestCreatePostValidationErrors","","","","Empty authorID",""
"passed","Thu Sep 11 22:08:49 GMT 2025","Thu Sep 11 22:08:49 GMT 2025","1","PostServiceCreateTestSuite","TestCreatePost","","","","Post creation with empty files",""
"passed","Thu Sep 11 22:10:02 GMT 2025","Thu Sep 11 22:10:02 GMT 2025","222","","PlantRepositoryTestSuite","","","","TestDeletePlant","Test plant deletion functionality"
"passed","Thu Sep 11 22:08:48 GMT 2025","Thu Sep 11 22:08:48 GMT 2025","0","","PlantTestSuite","","","","TestAddPhotoDuplicateError","Error when adding duplicate photo to plant"
"passed","Thu Sep 11 22:08:49 GMT 2025","Thu Sep 11 22:08:49 GMT 2025","0","","PlantServiceCreateTestSuite","","","","TestCreatePlant","Test plant creation functionality"
"passed","Thu Sep 11 22:10:31 GMT 2025","Thu Sep 11 22:10:31 GMT 2025","151","SearchRepositoryTestSuite","TestSearchPlants","","","","Search plants by type",""
"passed","Thu Sep 11 22:08:49 GMT 2025","Thu Sep 11 22:08:49 GMT 2025","0","SearchServiceTestGetPostSuite","TestGetPost","","","","Post with no photos",""
"passed","Thu Sep 11 22:10:02 GMT 2025","Thu Sep 11 22:10:02 GMT 2025","68","PlantRepositoryTestSuite","TestDeletePlant","","","","Successful plant deletion",""
"passed","Thu Sep 11 22:08:48 GMT 2025","Thu Sep 11 22:08:48 GMT 2025","2","AlbumServiceTestSuite","TestListAlbums","","","","Empty album list",""
"passed","Thu Sep 11 22:08:48 GMT 2025","Thu Sep 11 22:08:48 GMT 2025","0","AuthValidationTestSuite","TestValidateEmail","","","","Missing @ symbol",""
"passed","Thu Sep 11 22:10:17 GMT 2025","Thu Sep 11 22:10:17 GMT 2025","284","","PostRepositoryTestSuite","","","","TestUpdatePost","Test post update functionality"
"passed","Thu Sep 11 22:08:48 GMT 2025","Thu Sep 11 22:08:48 GMT 2025","0","PlantFiltersTestSuite","TestPlantDiameterFilter","","","","Both plants match range",""
"passed","Thu Sep 11 22:08:48 GMT 2025","Thu Sep 11 22:08:48 GMT 2025","0","PlantFiltersTestSuite","TestPlantDiameterFilter","","","","Only coniferous matches",""
"passed","Thu Sep 11 22:08:48 GMT 2025","Thu Sep 11 22:08:48 GMT 2025","0","","PostPhotoTestSuite","","","","TestRemoveNotFound","Test removal of non-existent photo error"
"passed","Thu Sep 11 22:08:49 GMT 2025","Thu Sep 11 22:08:49 GMT 2025","1","PlantServiceTestSuite","TestUpdatePlantSpec","","","","Invalid specification during update",""
"passed","Thu Sep 11 22:08:48 GMT 2025","Thu Sep 11 22:08:48 GMT 2025","0","PostFiltersTestSuite","TestPostTagFilter","","","","Tech tag",""
"passed","Thu Sep 11 22:08:48 GMT 2025","Thu Sep 11 22:08:48 GMT 2025","2","AlbumServiceTestSuite","TestCreateAlbum","","","","Successful album creation",""
"passed","Thu Sep 11 22:09:43 GMT 2025","Thu Sep 11 22:09:43 GMT 2025","8","AlbumRepositoryTestSuite","TestCreateAlbum","","","","No owner trying to create album",""
"passed","Thu Sep 11 22:08:49 GMT 2025","Thu Sep 11 22:08:49 GMT 2025","3","AuthServiceTestSuite","TestLogin","","","","Successful login with email",""
"passed","Thu Sep 11 22:08:48 GMT 2025","Thu Sep 11 22:08:48 GMT 2025","0","PostTestSuite","TestCreatePostValidationErrors","","","","Empty title",""
"passed","Thu Sep 11 22:10:03 GMT 2025","Thu Sep 11 22:10:03 GMT 2025","385","","PlantRepositoryTestSuite","","","","TestUpdatePlant","Test plant update functionality"
"passed","Thu Sep 11 22:08:49 GMT 2025","Thu Sep 11 22:08:49 GMT 2025","1","PostServiceTestSuite","TestGetPost","","","","Post with no photos",""
"passed","Thu Sep 11 22:08:48 GMT 2025","Thu Sep 11 22:08:48 GMT 2025","0","","PlantPhotosTestSuite","","","","TestRemoveNotFound","Test removal of non-existent photo error"
"passed","Thu Sep 11 22:10:02 GMT 2025","Thu Sep 11 22:10:02 GMT 2025","0","PlantRepositoryTestSuite","TestGetPlant","","","","Non-existent plant",""
"passed","Thu Sep 11 22:08:48 GMT 2025","Thu Sep 11 22:08:48 GMT 2025","0","","PlantFiltersTestSuite","","","","TestPlantLightRelationFilter","Test plant light relation filtering"
"passed","Thu Sep 11 22:08:47 GMT 2025","Thu Sep 11 22:08:47 GMT 2025","1","","MapSessionStorageTestSuite","","","","TestStoreAndGetSession","Test storing and retrieving session from storage"
"passed","Thu Sep 11 22:08:48 GMT 2025","Thu Sep 11 22:08:48 GMT 2025","0","PostTestSuite","TestRemoveTag","","","","Success",""
"passed","Thu Sep 11 22:08:48 GMT 2025","Thu Sep 11 22:08:48 GMT 2025","0","","MemberTestSuite","","","","TestCreateMemberSuccess","Successful creation of member with valid parameters"
"passed","Thu Sep 11 22:09:44 GMT 2025","Thu Sep 11 22:09:44 GMT 2025","46","AlbumRepositoryTestSuite","TestGetAlbumsByOwner","","","","Successful album retrieval by owner",""
"passed","Thu Sep 11 22:08:48 GMT 2025","Thu Sep 11 22:08:48 GMT 2025","0","AuthValidationTestSuite","TestValidateEmail","","","","Email with special characters",""
"passed","Thu Sep 11 22:08:49 GMT 2025","Thu Sep 11 22:08:49 GMT 2025","1","AuthServiceTestSuite","TestAuthenticate","","","","Session not found during authentication",""
"passed","Thu Sep 11 22:08:49 GMT 2025","Thu Sep 11 22:08:49 GMT 2025","1","PostServiceUpdateTextTestSuite","TestUpdatePost","","","","Nil tags",""
"passed","Thu Sep 11 22:08:48 GMT 2025","Thu Sep 11 22:08:48 GMT 2025","0","","PostPhotoTestSuite","","","","TestRebalancePositions","Test position rebalancing in photos collection"
"passed","Thu Sep 11 22:08:49 GMT 2025","Thu Sep 11 22:08:49 GMT 2025","1","StringUtilsTestSuite","TestReplaceFunc","","","","No matches found",""
"passed","Thu Sep 11 22:08:48 GMT 2025","Thu Sep 11 22:08:48 GMT 2025","0","","PostTestSuite","","","","TestUpdateTags","Successful update of post tags"
"passed","Thu Sep 11 22:08:49 GMT 2025","Thu Sep 11 22:08:49 GMT 2025","3","AuthServiceTestSuite","TestLogin","","","","Invalid credentials during login",""
"passed","Thu Sep 11 22:08:49 GMT 2025","Thu Sep 11 22:08:49 GMT 2025","0","","PostServiceCreateTestSuite","","","","TestCreatePost","Test post creation functionality"
"passed","Thu Sep 11 22:10:16 GMT 2025","Thu Sep 11 22:10:16 GMT 2025","0","PostRepositoryTestSuite","TestGetPost","","","","Non-existent post",""
"passed","Thu Sep 11 22:08:48 GMT 2025","Thu Sep 11 22:08:48 GMT 2025","0","","AuthorTestSuite","","","","TestRevokeAuthorRights","Test revocation of author rights"
"passed","Thu Sep 11 22:09:44 GMT 2025","Thu Sep 11 22:09:44 GMT 2025","198","","AlbumRepositoryTestSuite","","","","TestGetAlbumsByOwner","Test retrieving albums by owner functionality"
"passed","Thu Sep 11 22:08:48 GMT 2025","Thu Sep 11 22:08:48 GMT 2025","0","PostTestSuite","TestCreatePostValidationErrors","","","","Empty tag",""
"passed","Thu Sep 11 22:08:49 GMT 2025","Thu Sep 11 22:08:49 GMT 2025","1","PostServiceDeleteTestSuite","TestDeletePost","","","","Successful post deletion",""
"passed","Thu Sep 11 22:09:47 GMT 2025","Thu Sep 11 22:09:47 GMT 2025","160","","AuthRepositoryTestSuite","","","","TestPromoteToAuthor","Test member promotion to author functionality"
"passed","Thu Sep 11 22:08:49 GMT 2025","Thu Sep 11 22:08:49 GMT 2025","2","PostServiceUpdateTextTestSuite","TestUpdatePost","","","","Empty title",""
"passed","Thu Sep 11 22:08:48 GMT 2025","Thu Sep 11 22:08:48 GMT 2025","0","PostPhotoTestSuite","TestValidate","","","","Invalid place number",""
"passed","Thu Sep 11 22:08:49 GMT 2025","Thu Sep 11 22:08:49 GMT 2025","334","","BcryptHasherTestSuite","","","","TestBcryptHasherCompare","Test password comparison functionality"
"passed","Thu Sep 11 22:08:48 GMT 2025","Thu Sep 11 22:08:48 GMT 2025","0","","ConiferousSpecificationTestSuite","","","","TestConiferousImplementsPlantSpecification","Verify that ConiferousSpecification implements PlantSpecification interface"
"passed","Thu Sep 11 22:08:48 GMT 2025","Thu Sep 11 22:08:48 GMT 2025","0","","AuthorTestSuite","","","","TestCreateAuthorSuccess","Successful creation of author with valid parameters"
"passed","Thu Sep 11 22:08:48 GMT 2025","Thu Sep 11 22:08:48 GMT 2025","0","","PlantPhotoTestSuite","","","","TestValidate","Test plant photo validation"
"passed","Thu Sep 11 22:08:48 GMT 2025","Thu Sep 11 22:08:48 GMT 2025","1","","DeciduousSpecificationTestSuite","","","","TestGettersReturnCorrectValues","Test that DeciduousSpecification getters return correct values"
"passed","Thu Sep 11 22:08:48 GMT 2025","Thu Sep 11 22:08:48 GMT 2025","0","","AuthorTestSuite","","","","TestHasMemberRights","Test member rights checking"
"passed","Thu Sep 11 22:10:32 GMT 2025","Thu Sep 11 22:10:32 GMT 2025","518","","SearchRepositoryTestSuite","","","","TestSearchPosts","Test post search functionality"
"passed","Thu Sep 11 22:08:48 GMT 2025","Thu Sep 11 22:08:48 GMT 2025","0","","PlantFiltersTestSuite","","","","TestPlantFloweringPeriodFilter","Test plant flowering period filtering"
"passed","Thu Sep 11 22:08:48 GMT 2025","Thu Sep 11 22:08:48 GMT 2025","0","PlantFiltersTestSuite","TestPlantHeightFilter","","","","No plants match range",""
"passed","Thu Sep 11 22:08:48 GMT 2025","Thu Sep 11 22:08:48 GMT 2025","0","","MemberTestSuite","","","","TestPermissionChecks","Test member permission checks"
"passed","Thu Sep 11 22:08:49 GMT 2025","Thu Sep 11 22:08:49 GMT 2025","1","StringUtilsTestSuite","TestReplaceFunc","","","","Custom pattern with prefix and suffix",""
"passed","Thu Sep 11 22:08:48 GMT 2025","Thu Sep 11 22:08:48 GMT 2025","0","","PlantFiltersTestSuite","","","","TestPlantSoilMoistureFilter","Test plant soil moisture filtering"
"passed","Thu Sep 11 22:08:48 GMT 2025","Thu Sep 11 22:08:48 GMT 2025","1","MemberTestSuite","TestCreateMemberValidationErrors","","","","Empty name",""
"passed","Thu Sep 11 22:08:48 GMT 2025","Thu Sep 11 22:08:48 GMT 2025","1","","AlbumTestSuite","","","","TestRemovePlantSuccess","Successful removal of plant from album"
"passed","Thu Sep 11 22:10:16 GMT 2025","Thu Sep 11 22:10:17 GMT 2025","404","","PostRepositoryTestSuite","","","","TestListAuthorPosts","Test listing author posts functionality"
"passed","Thu Sep 11 22:08:48 GMT 2025","Thu Sep 11 22:08:48 GMT 2025","0","ConiferousSpecificationTestSuite","TestNewConiferousSpecificationValidationErrors","","","","Valid parameters",""
"passed","Thu Sep 11 22:08:48 GMT 2025","Thu Sep 11 22:08:48 GMT 2025","1","","PostFiltersTestSuite","","","","TestPostTagFilter","Test post tag filtering"
"passed","Thu Sep 11 22:10:02 GMT 2025","Thu Sep 11 22:10:02 GMT 2025","74","PlantRepositoryTestSuite","TestCreatePlant","","","","Duplicate plant",""
"passed","Thu Sep 11 22:08:48 GMT 2025","Thu Sep 11 22:08:48 GMT 2025","0","AlbumTestSuite","TestCreateAlbumValidationErrors","","","","Valid data",""
"passed","Thu Sep 11 22:08:48 GMT 2025","Thu Sep 11 22:08:48 GMT 2025","0","PlantFiltersTestSuite","TestPlantHeightFilter","","","","Only deciduous matches",""
"passed","Thu Sep 11 22:08:48 GMT 2025","Thu Sep 11 22:08:48 GMT 2025","0","","MemberTestSuite","","","","TestAuthSuccess","Successful member authentication"
"passed","Thu Sep 11 22:08:48 GMT 2025","Thu Sep 11 22:08:48 GMT 2025","0","","PlantPhotosTestSuite","","","","TestRemoveSuccess","Test successful removal of photos from collection"
"passed","Thu Sep 11 22:08:48 GMT 2025","Thu Sep 11 22:08:48 GMT 2025","0","PlantTestSuite","TestCreatePlant_ValidationErrors","","","","Empty plant name should cause validation error",""
"passed","Thu Sep 11 22:08:48 GMT 2025","Thu Sep 11 22:08:48 GMT 2025","0","PlantFiltersTestSuite","TestPlantDiameterFilter","","","","Only deciduous matches",""
"passed","Thu Sep 11 22:08:48 GMT 2025","Thu Sep 11 22:08:48 GMT 2025","0","AuthorTestSuite","TestCreateAuthorValidationErrors","","","","Zero give time",""
"passed","Thu Sep 11 22:08:49 GMT 2025","Thu Sep 11 22:08:49 GMT 2025","2","PostServiceCreateTestSuite","TestCreatePost","","","","User without author rights",""
"passed","Thu Sep 11 22:08:48 GMT 2025","Thu Sep 11 22:08:48 GMT 2025","0","PostFiltersTestSuite","TestPostTagFilter","","","","Java tag",""
"passed","Thu Sep 11 22:08:49 GMT 2025","Thu Sep 11 22:08:49 GMT 2025","1","StringUtilsTestSuite","TestReplaceFunc","","","","Invalid pattern without %s",""
"passed","Thu Sep 11 22:08:48 GMT 2025","Thu Sep 11 22:08:48 GMT 2025","0","ConiferousSpecificationTestSuite","TestNewConiferousSpecificationValidationErrors","","","","Invalid height (zero value)",""
"passed","Thu Sep 11 22:08:48 GMT 2025","Thu Sep 11 22:08:48 GMT 2025","1","","PostTestSuite","","","","TestGetters","Test post getter methods"
"passed","Thu Sep 11 22:08:49 GMT 2025","Thu Sep 11 22:08:49 GMT 2025","2","PostServiceUpdateTextTestSuite","TestUpdatePost","","","","Post not found",""
"passed","Thu Sep 11 22:08:48 GMT 2025","Thu Sep 11 22:08:48 GMT 2025","0","","PostPhotoTestSuite","","","","TestList","Test retrieval of photos list"
"passed","Thu Sep 11 22:08:49 GMT 2025","Thu Sep 11 22:08:49 GMT 2025","0","SearchServiceTestSearchTestSuite","TestSearchPosts","","","","Successful post search",""
"passed","Thu Sep 11 22:08:48 GMT 2025","Thu Sep 11 22:08:48 GMT 2025","0","ConiferousSpecificationTestSuite","TestNewConiferousSpecificationValidationErrors","","","","Invalid height (negative value)",""
"passed","Thu Sep 11 22:08:48 GMT 2025","Thu Sep 11 22:08:48 GMT 2025","0","PostTestSuite","TestAddTag","","","","Duplicate",""
"passed","Thu Sep 11 22:08:48 GMT 2025","Thu Sep 11 22:08:48 GMT 2025","0","PostFiltersTestSuite","TestPostTitleContainsFilter","","","","Part of word",""
"passed","Thu Sep 11 22:10:18 GMT 2025","Thu Sep 11 22:10:18 GMT 2025","83","PostRepositoryTestSuite","TestDeletePost","","","","Successful post deletion",""
"passed","Thu Sep 11 22:08:48 GMT 2025","Thu Sep 11 22:08:48 GMT 2025","0","","LatexLikeParserTestSuite","","","","TestUnclosedPlantTag","Test parsing with unclosed plant tag"
"passed","Thu Sep 11 22:08:48 GMT 2025","Thu Sep 11 22:08:48 GMT 2025","0","PostTestSuite","TestCreatePostValidationErrors","","","","Nil tags",""
"passed","Thu Sep 11 22:08:48 GMT 2025","Thu Sep 11 22:08:48 GMT 2025","0","","PlantPhotosTestSuite","","","","TestValidate","Test collection validation"
"passed","Thu Sep 11 22:08:48 GMT 2025","Thu Sep 11 22:08:48 GMT 2025","0","AuthorTestSuite","TestCreateAuthorValidationErrors","","","","Valid data",""
"passed","Thu Sep 11 22:08:48 GMT 2025","Thu Sep 11 22:08:48 GMT 2025","0","PlantTestSuite","TestCreatePlant_ValidationErrors","","","","Empty UUID should cause validation error",""
"passed","Thu Sep 11 22:08:48 GMT 2025","Thu Sep 11 22:08:48 GMT 2025","1","","PostTestSuite","","","","TestRemoveTag","Test tag removal functionality"
"passed","Thu Sep 11 22:08:48 GMT 2025","Thu Sep 11 22:08:48 GMT 2025","0","","MemberTestSuite","","","","TestAuthFailure","Failed member authentication"
"passed","Thu Sep 11 22:08:48 GMT 2025","Thu Sep 11 22:08:48 GMT 2025","0","AuthValidationTestSuite","TestValidateEmail","","","","Valid email with subdomain",""
"passed","Thu Sep 11 22:08:48 GMT 2025","Thu Sep 11 22:08:48 GMT 2025","1","AlbumServiceTestSuite","TestRemovePlantFromAlbum","","","","Plant not found in album during removal",""
"passed","Thu Sep 11 22:08:49 GMT 2025","Thu Sep 11 22:08:49 GMT 2025","1","PostServiceDeleteTestSuite","TestDeletePost","","","","Repository error during deletion",""
"passed","Thu Sep 11 22:08:48 GMT 2025","Thu Sep 11 22:08:48 GMT 2025","1","","AlbumServiceTestSuite","","","","TestListAlbums","Test album listing functionality"
"passed","Thu Sep 11 22:10:03 GMT 2025","Thu Sep 11 22:10:03 GMT 2025","0","PlantRepositoryTestSuite","TestUpdatePlant","","","","Update non-existent plant",""
"passed","Thu Sep 11 22:08:48 GMT 2025","Thu Sep 11 22:08:48 GMT 2025","0","MemberTestSuite","TestCreateMemberValidationErrors","","","","Nil password hash",""
"passed","Thu Sep 11 22:08:48 GMT 2025","Thu Sep 11 22:08:48 GMT 2025","0","","AuthorTestSuite","","","","TestAuth","Test author authentication"
"passed","Thu Sep 11 22:08:48 GMT 2025","Thu Sep 11 22:08:48 GMT 2025","0","DeciduousSpecificationTestSuite","TestNewDeciduousSpecificationValidationErrors","","","","Invalid diameter",""
"passed","Thu Sep 11 22:08:49 GMT 2025","Thu Sep 11 22:08:49 GMT 2025","1","StringUtilsTestSuite","TestReplaceFunc","","","","Replacer returns empty string",""
"passed","Thu Sep 11 22:08:48 GMT 2025","Thu Sep 11 22:08:48 GMT 2025","0","PostTestSuite","TestAddTag","","","","Max tags",""
"passed","Thu Sep 11 22:08:48 GMT 2025","Thu Sep 11 22:08:48 GMT 2025","0","","PlantFiltersTestSuite","","","","TestPlantHardinessFilter","Test plant winter hardiness filtering"
"passed","Thu Sep 11 22:08:48 GMT 2025","Thu Sep 11 22:08:48 GMT 2025","1","AlbumServiceTestSuite","TestListAlbums","","","","Successful album listing",""
"passed","Thu Sep 11 22:09:48 GMT 2025","Thu Sep 11 22:09:48 GMT 2025","160","","AuthRepositoryTestSuite","","","","TestCreateMember","Test member creation functionality"
"passed","Thu Sep 11 22:09:47 GMT 2025","Thu Sep 11 22:09:48 GMT 2025","158","","AuthRepositoryTestSuite","","","","TestGetByName","Test member retrieval by name functionality"
"passed","Thu Sep 11 22:10:31 GMT 2025","Thu Sep 11 22:10:32 GMT 2025","457","","SearchRepositoryTestSuite","","","","TestSearchPlants","Test plant search functionality"
"passed","Thu Sep 11 22:10:03 GMT 2025","Thu Sep 11 22:10:03 GMT 2025","77","PlantRepositoryTestSuite","TestUpdatePlant","","","","Update plant specification",""
"passed","Thu Sep 11 22:08:48 GMT 2025","Thu Sep 11 22:08:48 GMT 2025","0","","PlantPhotosTestSuite","","","","TestIterateSuccess","Test successful iteration over photos collection"
"passed","Thu Sep 11 22:09:44 GMT 2025","Thu Sep 11 22:09:44 GMT 2025","37","AlbumRepositoryTestSuite","TestUpdateAlbum","","","","Non-existent album update",""
"passed","Thu Sep 11 22:08:49 GMT 2025","Thu Sep 11 22:08:49 GMT 2025","1","AuthServiceTestSuite","TestAuthenticate","","","","Successful authentication",""
"passed","Thu Sep 11 22:08:48 GMT 2025","Thu Sep 11 22:08:48 GMT 2025","0","","PlantTestSuite","","","","TestUpdateSpecValidationError","Error when updating plant specification with invalid data"
"passed","Thu Sep 11 22:08:49 GMT 2025","Thu Sep 11 22:08:49 GMT 2025","1","SearchServiceGetPlantTestSuite","TestGetPlantByID","","","","Successful plant retrieval",""
"passed","Thu Sep 11 22:08:49 GMT 2025","Thu Sep 11 22:08:49 GMT 2025","0","","SearchServiceTestGetPostSuite","","","","TestGetPost","Test post retrieval by ID functionality"
"passed","Thu Sep 11 22:08:48 GMT 2025","Thu Sep 11 22:08:48 GMT 2025","0","PostFiltersTestSuite","TestPostTagFilter","","","","Programming tag",""
"passed","Thu Sep 11 22:08:49 GMT 2025","Thu Sep 11 22:08:49 GMT 2025","1","PlantServiceTestSuite","TestUploadPlantPhoto","","","","Successful plant photo upload",""
"passed","Thu Sep 11 22:08:49 GMT 2025","Thu Sep 11 22:08:49 GMT 2025","0","","BcryptHasherTestSuite","","","","TestNewBcryptHasher","Test creation of BcryptHasher with different cost parameters"
"passed","Thu Sep 11 22:08:48 GMT 2025","Thu Sep 11 22:08:48 GMT 2025","0","","AuthorTestSuite","","","","TestHasAuthorRights","Test author rights checking"
"passed","Thu Sep 11 22:08:48 GMT 2025","Thu Sep 11 22:08:48 GMT 2025","0","AlbumTestSuite","TestCreateAlbumValidationErrors","","","","Empty plantID in list",""
"passed","Thu Sep 11 22:08:49 GMT 2025","Thu Sep 11 22:08:49 GMT 2025","2","PostServiceCreateTestSuite","TestCreatePost","","","","Invalid file content type",""
"passed","Thu Sep 11 22:09:47 GMT 2025","Thu Sep 11 22:09:47 GMT 2025","160","","AuthRepositoryTestSuite","","","","TestUpdateNonExistentMember","Test non-existent member update handling"
"passed","Thu Sep 11 22:08:48 GMT 2025","Thu Sep 11 22:08:48 GMT 2025","0","","PlantFiltersTestSuite","","","","TestPlantSoilTypeFilter","Test plant soil type filtering"
"passed","Thu Sep 11 22:08:48 GMT 2025","Thu Sep 11 22:08:48 GMT 2025","0","AlbumTestSuite","TestCreateAlbumValidationErrors","","","","Creation after update",""
"passed","Thu Sep 11 22:08:48 GMT 2025","Thu Sep 11 22:08:48 GMT 2025","0","PostFiltersTestSuite","TestPostTitleContainsFilter","","","","No match",""
"passed","Thu Sep 11 22:08:48 GMT 2025","Thu Sep 11 22:08:48 GMT 2025","1","","PlantFiltersTestSuite","","","","TestPlantHeightFilter","Test plant height range filtering"
"passed","Thu Sep 11 22:08:48 GMT 2025","Thu Sep 11 22:08:48 GMT 2025","0","AlbumTestSuite","TestCreateAlbumValidationErrors","","","","Future update time",""
"passed","Thu Sep 11 22:08:49 GMT 2025","Thu Sep 11 22:08:49 GMT 2025","133","","BcryptHasherTestSuite","","","","TestBcryptHasherHash","Test password hashing functionality"
"passed","Thu Sep 11 22:08:48 GMT 2025","Thu Sep 11 22:08:48 GMT 2025","0","","PlantPhotoTestSuite","","","","TestComparePhotos","Test photo comparison functionality"
"passed","Thu Sep 11 22:08:49 GMT 2025","Thu Sep 11 22:08:49 GMT 2025","0","StringUtilsTestSuite","TestReplaceFunc","","","","Basic replacement with single match",""
"passed","Thu Sep 11 22:08:48 GMT 2025","Thu Sep 11 22:08:48 GMT 2025","0","","PlantTestSuite","","","","TestGetters","Test that plant getters return correct values"
"passed","Thu Sep 11 22:08:47 GMT 2025","Thu Sep 11 22:08:47 GMT 2025","0","","MapSessionStorageTestSuite","","","","TestGetNonExistentSession","Test retrieving non-existent session from storage"
"passed","Thu Sep 11 22:09:44 GMT 2025","Thu Sep 11 22:09:44 GMT 2025","71","AlbumRepositoryTestSuite","TestGetAlbum","","","","Successful album retrieval",""
"passed","Thu Sep 11 22:08:48 GMT 2025","Thu Sep 11 22:08:48 GMT 2025","0","AlbumServiceTestSuite","TestGetAlbum","","","","Successful album retrieval",""
"passed","Thu Sep 11 22:08:48 GMT 2025","Thu Sep 11 22:08:48 GMT 2025","0","","PlantPhotosTestSuite","","","","TestIterateUpdateValidationError","Test update iteration with validation error"
"passed","Thu Sep 11 22:08:49 GMT 2025","Thu Sep 11 22:08:49 GMT 2025","2","AuthServiceTestSuite","TestLogin","","","","Session storage error during login",""
"passed","Thu Sep 11 22:08:48 GMT 2025","Thu Sep 11 22:08:48 GMT 2025","0","DeciduousSpecificationTestSuite","TestNewDeciduousSpecificationValidationErrors","","","","Invalid height",""
"passed","Thu Sep 11 22:09:44 GMT 2025","Thu Sep 11 22:09:44 GMT 2025","78","AlbumRepositoryTestSuite","TestUpdateAlbum","","","","Successful album update",""
"passed","Thu Sep 11 22:08:48 GMT 2025","Thu Sep 11 22:08:48 GMT 2025","0","","ConiferousSpecificationTestSuite","","","","TestValidateSuccess","Successful validation of ConiferousSpecification"
"passed","Thu Sep 11 22:08:48 GMT 2025","Thu Sep 11 22:08:48 GMT 2025","0","AuthValidationTestSuite","TestValidateEmail","","","","Invalid characters in domain",""
"passed","Thu Sep 11 22:10:02 GMT 2025","Thu Sep 11 22:10:03 GMT 2025","261","","PlantRepositoryTestSuite","","","","TestGetPlant","Test plant retrieval functionality"
"passed","Thu Sep 11 22:08:49 GMT 2025","Thu Sep 11 22:08:49 GMT 2025","1","SearchServiceGetPlantTestSuite","TestGetPlantByID","","","","Main photo not found",""
"passed","Thu Sep 11 22:08:48 GMT 2025","Thu Sep 11 22:08:48 GMT 2025","1","","AlbumServiceTestSuite","","","","TestRemovePlantFromAlbum","Test removing plants from album functionality"
"passed","Thu Sep 11 22:08:48 GMT 2025","Thu Sep 11 22:08:48 GMT 2025","0","","MemberTestSuite","","","","TestNewMemberSuccess","Successful creation of member with auto-generated fields"
"passed","Thu Sep 11 22:10:17 GMT 2025","Thu Sep 11 22:10:17 GMT 2025","389","","PostRepositoryTestSuite","","","","TestCreatePost","Test post creation functionality"
"passed","Thu Sep 11 22:08:49 GMT 2025","Thu Sep 11 22:08:49 GMT 2025","1","PlantServiceCreateTestSuite","TestCreatePlant","","","","Successful plant creation",""
"passed","Thu Sep 11 22:08:48 GMT 2025","Thu Sep 11 22:08:48 GMT 2025","0","PostTestSuite","TestCreatePostValidationErrors","","","","Valid data",""
"passed","Thu Sep 11 22:08:49 GMT 2025","Thu Sep 11 22:08:49 GMT 2025","1","PlantServiceGetTestSuite","TestGetPlant","","","","No author rights for plant retrieval",""
"passed","Thu Sep 11 22:08:49 GMT 2025","Thu Sep 11 22:08:49 GMT 2025","1","SearchServiceGetPlantTestSuite","TestGetPlantByID","","","","Nil plant ID",""
"passed","Thu Sep 11 22:08:49 GMT 2025","Thu Sep 11 22:08:49 GMT 2025","0","BcryptHasherTestSuite","TestNewBcryptHasher","","","","Panic when cost too high",""
"passed","Thu Sep 11 22:08:48 GMT 2025","Thu Sep 11 22:08:48 GMT 2025","0","","PlantPhotosTestSuite","","","","TestAddDuplicate","Test duplicate photo addition error"
"passed","Thu Sep 11 22:08:49 GMT 2025","Thu Sep 11 22:08:49 GMT 2025","1","SearchServiceGetPlantTestSuite","TestGetPlantByID","","","","Plant with no additional photos",""
"passed","Thu Sep 11 22:08:48 GMT 2025","Thu Sep 11 22:08:48 GMT 2025","0","","AlbumTestSuite","","","","TestAddPlant","Successful addition of plant to album"
"passed","Thu Sep 11 22:08:49 GMT 2025","Thu Sep 11 22:08:49 GMT 2025","1","SearchServiceTestSuite","TestSearchPlants","","","","Successful search with name filter",""
"passed","Thu Sep 11 22:08:48 GMT 2025","Thu Sep 11 22:08:48 GMT 2025","0","PlantFiltersTestSuite","TestPlantHeightFilter","","","","Only coniferous matches",""
"passed","Thu Sep 11 22:08:48 GMT 2025","Thu Sep 11 22:08:48 GMT 2025","0","","LatexLikeParserTestSuite","","","","TestNoPlants","Test parsing text without plant references"
"passed","Thu Sep 11 22:10:02 GMT 2025","Thu Sep 11 22:10:02 GMT 2025","81","PlantRepositoryTestSuite","TestCreatePlant","","","","Successful plant creation",""
"passed","Thu Sep 11 22:08:49 GMT 2025","Thu Sep 11 22:08:49 GMT 2025","1","AuthServiceTestSuite","TestRegister","","","","Successful user registration",""
"passed","Thu Sep 11 22:08:48 GMT 2025","Thu Sep 11 22:08:48 GMT 2025","0","PostPhotoTestSuite","TestValidate","","","","Valid photos",""
"passed","Thu Sep 11 22:09:47 GMT 2025","Thu Sep 11 22:09:47 GMT 2025","156","","AuthRepositoryTestSuite","","","","TestGetNonExistentMember","Test non-existent member retrieval handling"
"passed","Thu Sep 11 22:08:49 GMT 2025","Thu Sep 11 22:08:49 GMT 2025","1","AuthServiceTestSuite","TestAuthenticate","","","","Session expired during authentication",""
"passed","Thu Sep 11 22:08:48 GMT 2025","Thu Sep 11 22:08:48 GMT 2025","0","PlantFiltersTestSuite","TestPlantHeightFilter","","","","Both plants match range",""
"passed","Thu Sep 11 22:10:03 GMT 2025","Thu Sep 11 22:10:03 GMT 2025","156","PlantRepositoryTestSuite","TestUpdatePlant","","","","Successful plant update",""
"passed","Thu Sep 11 22:08:48 GMT 2025","Thu Sep 11 22:08:48 GMT 2025","0","AlbumTestSuite","TestCreateAlbumValidationErrors","","","","Empty name",""
"passed","Thu Sep 11 22:08:48 GMT 2025","Thu Sep 11 22:08:48 GMT 2025","0","PostPhotoTestSuite","TestValidate","","","","Duplicate place numbers",""
"passed","Thu Sep 11 22:08:48 GMT 2025","Thu Sep 11 22:08:48 GMT 2025","0","PostFiltersTestSuite","TestPostTagFilter","","","","Nonexistent tag",""
"passed","Thu Sep 11 22:09:48 GMT 2025","Thu Sep 11 22:09:48 GMT 2025","157","","AuthRepositoryTestSuite","","","","TestGetAuthor","Test author retrieval functionality"
"passed","Thu Sep 11 22:08:48 GMT 2025","Thu Sep 11 22:08:48 GMT 2025","1","AlbumServiceTestSuite","TestAddPlantToAlbum","","","","Successful plant addition to album",""
"passed","Thu Sep 11 22:08:49 GMT 2025","Thu Sep 11 22:08:49 GMT 2025","1","","AuthServiceTestSuite","","","","TestLogin","Test user login functionality"
"passed","Thu Sep 11 22:08:48 GMT 2025","Thu Sep 11 22:08:48 GMT 2025","0","DeciduousSpecificationTestSuite","TestNewDeciduousSpecificationValidationErrors","","","","Valid parameters",""
"passed","Thu Sep 11 22:08:49 GMT 2025","Thu Sep 11 22:08:49 GMT 2025","1","SearchServiceGetPlantTestSuite","TestGetPlantByID","","","","Plant not found",""
"passed","Thu Sep 11 22:10:17 GMT 2025","Thu Sep 11 22:10:17 GMT 2025","0","PostRepositoryTestSuite","TestListAuthorPosts","","","","Empty author posts list",""
"passed","Thu Sep 11 22:08:48 GMT 2025","Thu Sep 11 22:08:48 GMT 2025","0","","DeciduousSpecificationTestSuite","","","","TestPlantWithDeciduousSpecification","Integration test: creating a plant with deciduous specification"
"passed","Thu Sep 11 22:08:49 GMT 2025","Thu Sep 11 22:08:49 GMT 2025","2","PostServiceTestSuite","TestGetPost","","","","Post not found",""
"passed","Thu Sep 11 22:08:49 GMT 2025","Thu Sep 11 22:08:49 GMT 2025","66","BcryptHasherTestSuite","TestBcryptHasherHash","","","","Successful password hashing",""
"passed","Thu Sep 11 22:10:02 GMT 2025","Thu Sep 11 22:10:02 GMT 2025","100","PlantRepositoryTestSuite","TestGetPlant","","","","Successful plant retrieval",""
"passed","Thu Sep 11 22:08:48 GMT 2025","Thu Sep 11 22:08:48 GMT 2025","0","","ConiferousSpecificationTestSuite","","","","TestNewConiferousSpecificationSuccess","Successful creation of ConiferousSpecification with valid parameters"
"passed","Thu Sep 11 22:08:49 GMT 2025","Thu Sep 11 22:08:49 GMT 2025","1","SearchServiceTestSuite","TestSearchPlants","","","","Photo not found during search",""
"passed","Thu Sep 11 22:08:49 GMT 2025","Thu Sep 11 22:08:49 GMT 2025","1","SearchServiceTestSearchTestSuite","TestSearchPosts","","","","Photo file not found during search",""
"passed","Thu Sep 11 22:08:48 GMT 2025","Thu Sep 11 22:08:48 GMT 2025","0","","DeciduousSpecificationTestSuite","","","","TestValidateSuccess","Successful validation of DeciduousSpecification"
"passed","Thu Sep 11 22:10:32 GMT 2025","Thu Sep 11 22:10:32 GMT 2025","146","SearchRepositoryTestSuite","TestSearchPosts","","","","Search posts by tag",""
"passed","Thu Sep 11 22:08:49 GMT 2025","Thu Sep 11 22:08:49 GMT 2025","0","","SearchServiceTestSuite","","","","TestSearchPlants","Test plant search functionality"
"passed","Thu Sep 11 22:09:43 GMT 2025","Thu Sep 11 22:09:43 GMT 2025","14","AlbumRepositoryTestSuite","TestDeleteAlbum","","","","Successful album deletion",""
"passed","Thu Sep 11 22:08:48 GMT 2025","Thu Sep 11 22:08:48 GMT 2025","0","","PlantTestSuite","","","","TestCreatePlant_ValidationErrors","Test validation errors during plant creation"
"passed","Thu Sep 11 22:08:49 GMT 2025","Thu Sep 11 22:08:49 GMT 2025","1","StringUtilsTestSuite","TestReplaceFunc","","","","Multiple matches replacement",""
"passed","Thu Sep 11 22:12:39 GMT 2025","Thu Sep 11 22:12:40 GMT 2025","418","PlantTestSuite","TestE2EPlant","","","","Complex searching through plants and creating albums",""
